firstName,lastName,email,phoneNumber,address
Varshitha,Vankadaru,varshitha@gmail.com,6364663405, 29 serviceberry
Alice,Smith,alice@example.com,1234567890,Park Avenue
Bob,Johnson,bob@example.com,9876543210,Main Street
Charlie,Williams,charlie.williams@example.com,1234567803,789 Elm St
David,Jones,david.jones@example.com,1234567804,321 Oak Dr
Eve,Brown,eve.brown@example.com,1234567805,654 Pine Rd
Frank,Davis,frank.davis@example.com,1234567806,777 Cedar Ln
Grace,Miller,grace.miller@example.com,1234567807,222 Birch Blvd
Hank,Wilson,hank.wilson@example.com,1234567808,999 Aspen Ct
Ivy,Moore,ivy.moore@example.com,1234567809,111 Willow Pl
Jake,Taylor,jake.taylor@example.com,1234567810,101 Poplar St
Kara,Anderson,kara.anderson@example.com,1234567811,333 Sycamore Ave
Leo,Thomas,leo.thomas@example.com,1234567812,404 Redwood Dr
Mia,Jackson,mia.jackson@example.com,1234567813,222 Fir Blvd
Nina,White,nina.white@example.com,1234567814,556 Spruce Ln
Owen,Harris,owen.harris@example.com,1234567815,897 Chestnut Pl
Paul,Martin,paul.martin@example.com,1234567816,909 Magnolia St
Quinn,Thompson,quinn.thompson@example.com,1234567817,606 Cherry Ave
Rachel,Garcia,rachel.garcia@example.com,1234567818,505 Hickory Dr
Sam,Martinez,sam.martinez@example.com,1234567819,808 Beech Ln
Tina,Robinson,tina.robinson@example.com,1234567820,111 Cypress Blvd
Uma,Clark,uma.clark@example.com,1234567821,222 Dogwood Pl
Victor,Rodriguez,victor.rodriguez@example.com,1234567822,333 Palm St
Wendy,Lewis,wendy.lewis@example.com,1234567823,444 Pineapple Ave
Xander,Lee,xander.lee@example.com,1234567824,555 Olive Dr
Yara,Walker,yara.walker@example.com,1234567825,666 Lemon Blvd
Zane,Hall,zane.hall@example.com,1234567826,777 Peach Ct
Amy,Allen,amy.allen@example.com,1234567827,888 Mango St
Ben,Young,ben.young@example.com,1234567828,999 Plum Ave
Cara,Hernandez,cara.hernandez@example.com,1234567829,101 Apricot Dr
Dan,King,dan.king@example.com,1234567830,202 Coconut Ln
Ella,Wright,ella.wright@example.com,1234567831,303 Tangerine Pl
Finn,Lopez,finn.lopez@example.com,1234567832,404 Kiwi Blvd
Gia,Scott,gia.scott@example.com,1234567833,505 Lime Ct
Hugo,Green,hugo.green@example.com,1234567834,606 Pecan St
Isla,Adams,isla.adams@example.com,1234567835,707 Papaya Ave
Jack,Baker,jack.baker@example.com,1234567836,808 Nectarine Dr
Kate,Nelson,kate.nelson@example.com,1234567837,909 Blackberry Blvd
Liam,Hill,liam.hill@example.com,1234567838,111 Raspberry Pl
Maya,Ramirez,maya.ramirez@example.com,1234567839,222 Blueberry St
Nate,Campbell,nate.campbell@example.com,1234567840,333 Cranberry Ave
Olive,Mitchell,olive.mitchell@example.com,1234567841,444 Gooseberry Dr
Pete,Roberts,pete.roberts@example.com,1234567842,555 Mulberry Blvd
Queenie,Carter,queenie.carter@example.com,1234567843,666 Blackberry Ct
Ray,Sanchez,ray.sanchez@example.com,1234567844,777 Strawberry St
Sara,Phillips,sara.phillips@example.com,1234567845,888 Apple Ave
Tom,Evans,tom.evans@example.com,1234567846,999 Pear Dr
Usha,Turner,usha.turner@example.com,1234567847,101 Banana Blvd
Vik,Diaz,vik.diaz@example.com,1234567848,202 Grape Pl
Willa,Parker,willa.parker@example.com,1234567849,303 Watermelon St
Zoe,Collins,zoe.collins@example.com,1234567850,404 Cherry Blossom Dr
